"Teams","Game","Points","Conference","MaxPoints","MinPoints","MaxFinal","PointsLessGames","MaxPointsLessGames","MinPointsLessGames","MaxFinalLessGames"
"Atlanta United FC",0,0,"East",0,0,102,0,0,0,102
"Austin",0,0,"West",0,0,102,0,0,0,102
"CF Montreal",0,0,"East",0,0,102,0,0,0,102
"Charlotte",0,0,"East",0,0,102,0,0,0,102
"Chicago Fire",0,0,"East",0,0,102,0,0,0,102
"Colorado Rapids",0,0,"West",0,0,102,0,0,0,102
"Columbus Crew",0,0,"East",0,0,102,0,0,0,102
"DC United",0,0,"East",0,0,102,0,0,0,102
"FC Cincinnati",0,0,"East",0,0,102,0,0,0,102
"FC Dallas",0,0,"West",0,0,102,0,0,0,102
"Houston Dynamo",0,0,"West",0,0,102,0,0,0,102
"Inter Miami",0,0,"East",0,0,102,0,0,0,102
"Los Angeles FC",0,0,"West",0,0,102,0,0,0,102
"Los Angeles Galaxy",0,0,"West",0,0,102,0,0,0,102
"Minnesota United FC",0,0,"West",0,0,102,0,0,0,102
"Nashville SC",0,0,"East",0,0,102,0,0,0,102
"New England Revolution",0,0,"East",0,0,102,0,0,0,102
"New York City FC",0,0,"East",0,0,102,0,0,0,102
"New York Red Bulls",0,0,"East",0,0,102,0,0,0,102
"Orlando City SC",0,0,"East",0,0,102,0,0,0,102
"Philadelphia Union",0,0,"East",0,0,102,0,0,0,102
"Portland Timbers",0,0,"West",0,0,102,0,0,0,102
"Real Salt Lake",0,0,"West",0,0,102,0,0,0,102
"San Diego",0,0,"West",0,0,102,0,0,0,102
"San Jose Earthquakes",0,0,"West",0,0,102,0,0,0,102
"Seattle Sounders",0,0,"West",0,0,102,0,0,0,102
"Sporting Kansas City",0,0,"West",0,0,102,0,0,0,102
"St. Louis City",0,0,"West",0,0,102,0,0,0,102
"Toronto FC",0,0,"East",0,0,102,0,0,0,102
"Vancouver Whitecaps",0,0,"West",0,0,102,0,0,0,102
"Atlanta United FC",1,0,"East",0,0,99,-1,-1,-1,98
"Austin",1,1,"West",1,1,100,0,0,0,99
"CF Montreal",1,0,"East",0,0,99,-1,-1,-1,98
"Charlotte",1,1,"East",1,1,100,0,0,0,99
"Chicago Fire",1,0,"East",0,0,99,-1,-1,-1,98
"Colorado Rapids",1,0,"West",0,0,99,-1,-1,-1,98
"Columbus Crew",1,0,"East",0,0,99,-1,-1,-1,98
"DC United",1,3,"East",3,3,102,2,2,2,101
"FC Cincinnati",1,3,"East",3,3,102,2,2,2,101
"FC Dallas",1,3,"West",3,3,102,2,2,2,101
"Houston Dynamo",1,3,"West",3,3,102,2,2,2,101
"Inter Miami",1,0,"East",0,0,99,-1,-1,-1,98
"Los Angeles FC",1,3,"West",3,3,102,2,2,2,101
"Los Angeles Galaxy",1,1,"West",1,1,100,0,0,0,99
"Minnesota United FC",1,1,"West",1,1,100,0,0,0,99
"Nashville SC",1,3,"East",3,3,102,2,2,2,101
"New England Revolution",1,0,"East",0,0,99,-1,-1,-1,98
"New York City FC",1,1,"East",1,1,100,0,0,0,99
"New York Red Bulls",1,3,"East",3,3,102,2,2,2,101
"Orlando City SC",1,0,"East",0,0,99,-1,-1,-1,98
"Philadelphia Union",1,0,"East",0,0,99,-1,-1,-1,98
"Portland Timbers",1,3,"West",3,3,102,2,2,2,101
"Real Salt Lake",1,0,"West",0,0,99,-1,-1,-1,98
"San Diego",1,3,"West",3,3,102,2,2,2,101
"San Jose Earthquakes",1,3,"West",3,3,102,2,2,2,101
"Seattle Sounders",1,3,"West",3,3,102,2,2,2,101
"Sporting Kansas City",1,0,"West",0,0,99,-1,-1,-1,98
"St. Louis City",1,1,"West",1,1,100,0,0,0,99
"Toronto FC",1,0,"East",0,0,99,-1,-1,-1,98
"Vancouver Whitecaps",1,3,"West",3,3,102,2,2,2,101
"Atlanta United FC",2,0,"East",0,0,96,-2,-2,-2,94
"Austin",2,4,"West",4,4,100,2,2,2,98
"CF Montreal",2,0,"East",0,0,96,-2,-2,-2,94
"Charlotte",2,1,"East",1,1,97,-1,-1,-1,95
"Chicago Fire",2,3,"East",3,3,99,1,1,1,97
"Colorado Rapids",2,3,"West",3,3,99,1,1,1,97
"Columbus Crew",2,1,"East",1,1,97,-1,-1,-1,95
"DC United",2,3,"East",3,3,99,1,1,1,97
"FC Cincinnati",2,3,"East",3,3,99,1,1,1,97
"FC Dallas",2,4,"West",4,4,100,2,2,2,98
"Houston Dynamo",2,3,"West",3,3,99,1,1,1,97
"Inter Miami",2,3,"East",3,3,99,1,1,1,97
"Los Angeles FC",2,6,"West",6,6,102,4,4,4,100
"Los Angeles Galaxy",2,4,"West",4,4,100,2,2,2,98
"Minnesota United FC",2,4,"West",4,4,100,2,2,2,98
"Nashville SC",2,4,"East",4,4,100,2,2,2,98
"New England Revolution",2,0,"East",0,0,96,-2,-2,-2,94
"New York City FC",2,4,"East",4,4,100,2,2,2,98
"New York Red Bulls",2,6,"East",6,6,102,4,4,4,100
"Orlando City SC",2,0,"East",0,0,96,-2,-2,-2,94
"Philadelphia Union",2,0,"East",0,0,96,-2,-2,-2,94
"Portland Timbers",2,3,"West",3,3,99,1,1,1,97
"Real Salt Lake",2,3,"West",3,3,99,1,1,1,97
"San Diego",2,6,"West",6,6,102,4,4,4,100
"San Jose Earthquakes",2,6,"West",6,6,102,4,4,4,100
"Seattle Sounders",2,3,"West",3,3,99,1,1,1,97
"Sporting Kansas City",2,1,"West",1,1,97,-1,-1,-1,95
"St. Louis City",2,1,"West",1,1,97,-1,-1,-1,95
"Toronto FC",2,0,"East",0,0,96,-2,-2,-2,94
"Vancouver Whitecaps",2,6,"West",6,6,102,4,4,4,100
"Atlanta United FC",3,0,"East",0,0,93,-3,-3,-3,90
"Austin",3,4,"West",4,4,97,1,1,1,94
"CF Montreal",3,3,"East",3,3,96,0,0,0,93
"Charlotte",3,4,"East",4,4,97,1,1,1,94
"Chicago Fire",3,4,"East",4,4,97,1,1,1,94
"Colorado Rapids",3,6,"West",6,6,99,3,3,3,96
"Columbus Crew",3,2,"East",2,2,95,-1,-1,-1,92
"DC United",3,3,"East",3,3,96,0,0,0,93
"FC Cincinnati",3,3,"East",3,3,96,0,0,0,93
"FC Dallas",3,4,"West",4,4,97,1,1,1,94
"Houston Dynamo",3,6,"West",6,6,99,3,3,3,96
"Inter Miami",3,6,"East",6,6,99,3,3,3,96
"Los Angeles FC",3,9,"West",9,9,102,6,6,6,99
"Los Angeles Galaxy",3,4,"West",4,4,97,1,1,1,94
"Minnesota United FC",3,4,"West",4,4,97,1,1,1,94
"Nashville SC",3,7,"East",7,7,100,4,4,4,97
"New England Revolution",3,3,"East",3,3,96,0,0,0,93
"New York City FC",3,7,"East",7,7,100,4,4,4,97
"New York Red Bulls",3,6,"East",6,6,99,3,3,3,96
"Orlando City SC",3,0,"East",0,0,93,-3,-3,-3,90
"Philadelphia Union",3,0,"East",0,0,93,-3,-3,-3,90
"Portland Timbers",3,3,"West",3,3,96,0,0,0,93
"Real Salt Lake",3,6,"West",6,6,99,3,3,3,96
"San Diego",3,9,"West",9,9,102,6,6,6,99
"San Jose Earthquakes",3,9,"West",9,9,102,6,6,6,99
"Seattle Sounders",3,6,"West",6,6,99,3,3,3,96
"Sporting Kansas City",3,1,"West",1,1,94,-2,-2,-2,91
"St. Louis City",3,1,"West",1,1,94,-2,-2,-2,91
"Toronto FC",3,3,"East",3,3,96,0,0,0,93
"Vancouver Whitecaps",3,9,"West",9,9,102,6,6,6,99
"Atlanta United FC",4,3,"East",3,3,93,-1,-1,-1,89
"Austin",4,4,"West",4,4,94,0,0,0,90
"CF Montreal",4,3,"East",3,3,93,-1,-1,-1,89
"Charlotte",4,5,"East",5,5,95,1,1,1,91
"Chicago Fire",4,4,"East",4,4,94,0,0,0,90
"Colorado Rapids",4,6,"West",6,6,96,2,2,2,92
"Columbus Crew",4,2,"East",2,2,92,-2,-2,-2,88
"DC United",4,6,"East",6,6,96,2,2,2,92
"FC Cincinnati",4,3,"East",3,3,93,-1,-1,-1,89
"FC Dallas",4,5,"West",5,5,95,1,1,1,91
"Houston Dynamo",4,6,"West",6,6,96,2,2,2,92
"Inter Miami",4,7,"East",7,7,97,3,3,3,93
"Los Angeles FC",4,12,"West",12,12,102,8,8,8,98
"Los Angeles Galaxy",4,4,"West",4,4,94,0,0,0,90
"Minnesota United FC",4,4,"West",4,4,94,0,0,0,90
"Nashville SC",4,10,"East",10,10,100,6,6,6,96
"New England Revolution",4,3,"East",3,3,93,-1,-1,-1,89
"New York City FC",4,10,"East",10,10,100,6,6,6,96
"New York Red Bulls",4,7,"East",7,7,97,3,3,3,93
"Orlando City SC",4,3,"East",3,3,93,-1,-1,-1,89
"Philadelphia Union",4,0,"East",0,0,90,-4,-4,-4,86
"Portland Timbers",4,3,"West",3,3,93,-1,-1,-1,89
"Real Salt Lake",4,9,"West",9,9,99,5,5,5,95
"San Diego",4,10,"West",10,10,100,6,6,6,96
"San Jose Earthquakes",4,9,"West",9,9,99,5,5,5,95
"Seattle Sounders",4,9,"West",9,9,99,5,5,5,95
"Sporting Kansas City",4,4,"West",4,4,94,0,0,0,90
"St. Louis City",4,1,"West",1,1,91,-3,-3,-3,87
"Toronto FC",4,4,"East",4,4,94,0,0,0,90
"Vancouver Whitecaps",4,12,"West",12,12,102,8,8,8,98
"Atlanta United FC",5,4,"East",4,4,91,-1,-1,-1,86
"Austin",5,5,"West",5,5,92,0,0,0,87
"CF Montreal",5,3,"East",3,3,90,-2,-2,-2,85
"Charlotte",5,8,"East",8,8,95,3,3,3,90
"Chicago Fire",5,7,"East",7,7,94,2,2,2,89
"Colorado Rapids",5,9,"West",9,9,96,4,4,4,91
"Columbus Crew",5,2,"East",2,2,89,-3,-3,-3,84
"DC United",5,7,"East",7,7,94,2,2,2,89
"FC Cincinnati",5,6,"East",6,6,93,1,1,1,88
"FC Dallas",5,8,"West",8,8,95,3,3,3,90
"Houston Dynamo",5,6,"West",6,6,93,1,1,1,88
"Inter Miami",5,10,"East",10,10,97,5,5,5,92
"Los Angeles FC",5,13,"West",13,13,100,8,8,8,95
"Los Angeles Galaxy",5,5,"West",5,5,92,0,0,0,87
"Minnesota United FC",5,5,"West",5,5,92,0,0,0,87
"Nashville SC",5,13,"East",13,13,100,8,8,8,95
"New England Revolution",5,6,"East",6,6,93,1,1,1,88
"New York City FC",5,10,"East",10,10,97,5,5,5,92
"New York Red Bulls",5,7,"East",7,7,94,2,2,2,89
"Orlando City SC",5,3,"East",3,3,90,-2,-2,-2,85
"Philadelphia Union",5,0,"East",0,0,87,-5,-5,-5,82
"Portland Timbers",5,4,"West",4,4,91,-1,-1,-1,86
"Real Salt Lake",5,10,"West",10,10,97,5,5,5,92
"San Diego",5,11,"West",11,11,98,6,6,6,93
"San Jose Earthquakes",5,12,"West",12,12,99,7,7,7,94
"Seattle Sounders",5,10,"West",10,10,97,5,5,5,92
"Sporting Kansas City",5,4,"West",4,4,91,-1,-1,-1,86
"St. Louis City",5,4,"West",4,4,91,-1,-1,-1,86
"Toronto FC",5,7,"East",7,7,94,2,2,2,89
"Vancouver Whitecaps",5,12,"West",12,12,99,7,7,7,94
"Atlanta United FC",6,4,"East",4,4,88,-2,-2,-2,82
"Austin",6,6,"West",6,6,90,0,0,0,84
"CF Montreal",6,3,"East",3,3,87,-3,-3,-3,81
"Charlotte",6,11,"East",11,11,95,5,5,5,89
"Chicago Fire",6,10,"East",10,10,94,4,4,4,88
"Colorado Rapids",6,9,"West",9,9,93,3,3,3,87
"Columbus Crew",6,5,"East",5,5,89,-1,-1,-1,83
"DC United",6,7,"East",7,7,91,1,1,1,85
"FC Cincinnati",6,6,"East",6,6,90,0,0,0,84
"FC Dallas",6,11,"West",11,11,95,5,5,5,89
"Houston Dynamo",6,6,"West",6,6,90,0,0,0,84
"Inter Miami",6,11,"East",11,11,95,5,5,5,89
"Los Angeles FC",6,16,"West",16,16,100,10,10,10,94
"Los Angeles Galaxy",6,5,"West",5,5,89,-1,-1,-1,83
"Minnesota United FC",6,8,"West",8,8,92,2,2,2,86
"Nashville SC",6,13,"East",13,13,97,7,7,7,91
"New England Revolution",6,9,"East",9,9,93,3,3,3,87
"New York City FC",6,11,"East",11,11,95,5,5,5,89
"New York Red Bulls",6,10,"East",10,10,94,4,4,4,88
"Orlando City SC",6,3,"East",3,3,87,-3,-3,-3,81
"Philadelphia Union",6,0,"East",0,0,84,-6,-6,-6,78
"Portland Timbers",6,4,"West",4,4,88,-2,-2,-2,82
"Real Salt Lake",6,13,"West",13,13,97,7,7,7,91
"San Diego",6,11,"West",11,11,95,5,5,5,89
"San Jose Earthquakes",6,15,"West",15,15,99,9,9,9,93
"Seattle Sounders",6,13,"West",13,13,97,7,7,7,91
"Sporting Kansas City",6,4,"West",4,4,88,-2,-2,-2,82
"St. Louis City",6,5,"West",5,5,89,-1,-1,-1,83
"Toronto FC",6,10,"East",10,10,94,4,4,4,88
"Vancouver Whitecaps",6,15,"West",15,15,99,9,9,9,93
"Atlanta United FC",7,4,"East",4,4,85,-3,-3,-3,78
"Austin",7,6,"West",6,6,87,-1,-1,-1,80
"CF Montreal",7,3,"East",3,3,84,-4,-4,-4,77
"Charlotte",7,11,"East",11,11,92,4,4,4,85
"Chicago Fire",7,13,"East",13,13,94,6,6,6,87
"Colorado Rapids",7,12,"West",12,12,93,5,5,5,86
"Columbus Crew",7,6,"East",6,6,87,-1,-1,-1,80
"DC United",7,7,"East",7,7,88,0,0,0,81
"FC Cincinnati",7,7,"East",7,7,88,0,0,0,81
"FC Dallas",7,12,"West",12,12,93,5,5,5,86
"Houston Dynamo",7,9,"West",9,9,90,2,2,2,83
"Inter Miami",7,12,"East",12,12,93,5,5,5,86
"Los Angeles FC",7,16,"West",16,16,97,9,9,9,90
"Los Angeles Galaxy",7,8,"West",8,8,89,1,1,1,82
"Minnesota United FC",7,11,"West",11,11,92,4,4,4,85
"Nashville SC",7,16,"East",16,16,97,9,9,9,90
"New England Revolution",7,12,"East",12,12,93,5,5,5,86
"New York City FC",7,11,"East",11,11,92,4,4,4,85
"New York Red Bulls",7,11,"East",11,11,92,4,4,4,85
"Orlando City SC",7,4,"East",4,4,85,-3,-3,-3,78
"Philadelphia Union",7,3,"East",3,3,84,-4,-4,-4,77
"Portland Timbers",7,7,"West",7,7,88,0,0,0,81
"Real Salt Lake",7,16,"West",16,16,97,9,9,9,90
"San Diego",7,11,"West",11,11,92,4,4,4,85
"San Jose Earthquakes",7,18,"West",18,18,99,11,11,11,92
"Seattle Sounders",7,16,"West",16,16,97,9,9,9,90
"Sporting Kansas City",7,4,"West",4,4,85,-3,-3,-3,78
"St. Louis City",7,6,"West",6,6,87,-1,-1,-1,80
"Toronto FC",7,11,"East",11,11,92,4,4,4,85
"Vancouver Whitecaps",7,18,"West",18,18,99,11,11,11,92
"Atlanta United FC",8,4,"East",4,4,82,-4,-4,-4,74
"Austin",8,7,"West",7,7,85,-1,-1,-1,77
"CF Montreal",8,6,"East",6,6,84,-2,-2,-2,76
"Charlotte",8,14,"East",14,14,92,6,6,6,84
"Chicago Fire",8,14,"East",14,14,92,6,6,6,84
"Colorado Rapids",8,12,"West",12,12,90,4,4,4,82
"Columbus Crew",8,6,"East",6,6,84,-2,-2,-2,76
"DC United",8,8,"East",8,8,86,0,0,0,78
"FC Cincinnati",8,8,"East",8,8,86,0,0,0,78
"FC Dallas",8,13,"West",13,13,91,5,5,5,83
"Houston Dynamo",8,12,"West",12,12,90,4,4,4,82
"Inter Miami",8,15,"East",15,15,93,7,7,7,85
"Los Angeles FC",8,16,"West",16,16,94,8,8,8,86
"Los Angeles Galaxy",8,9,"West",9,9,87,1,1,1,79
"Minnesota United FC",8,14,"West",14,14,92,6,6,6,84
"Nashville SC",8,19,"East",19,19,97,11,11,11,89
"New England Revolution",8,15,"East",15,15,93,7,7,7,85
"New York City FC",8,11,"East",11,11,89,3,3,3,81
"New York Red Bulls",8,11,"East",11,11,89,3,3,3,81
"Orlando City SC",8,4,"East",4,4,82,-4,-4,-4,74
"Philadelphia Union",8,4,"East",4,4,82,-4,-4,-4,74
"Portland Timbers",8,7,"West",7,7,85,-1,-1,-1,77
"Real Salt Lake",8,16,"West",16,16,94,8,8,8,86
"San Diego",8,11,"West",11,11,89,3,3,3,81
"San Jose Earthquakes",8,21,"West",21,21,99,13,13,13,91
"Seattle Sounders",8,19,"West",19,19,97,11,11,11,89
"Sporting Kansas City",8,4,"West",4,4,82,-4,-4,-4,74
"St. Louis City",8,6,"West",6,6,84,-2,-2,-2,76
"Toronto FC",8,12,"East",12,12,90,4,4,4,82
"Vancouver Whitecaps",8,21,"West",21,21,99,13,13,13,91
"Atlanta United FC",9,4,"East",4,4,79,-5,-5,-5,70
"Austin",9,7,"West",7,7,82,-2,-2,-2,73
"CF Montreal",9,9,"East",9,9,84,0,0,0,75
"Charlotte",9,14,"East",14,14,89,5,5,5,80
"Chicago Fire",9,17,"East",17,17,92,8,8,8,83
"Colorado Rapids",9,13,"West",13,13,88,4,4,4,79
"Columbus Crew",9,9,"East",9,9,84,0,0,0,75
"DC United",9,9,"East",9,9,84,0,0,0,75
"FC Cincinnati",9,9,"East",9,9,84,0,0,0,75
"FC Dallas",9,13,"West",13,13,88,4,4,4,79
"Houston Dynamo",9,12,"West",12,12,87,3,3,3,78
"Inter Miami",9,18,"East",18,18,93,9,9,9,84
"Los Angeles FC",9,17,"West",17,17,92,8,8,8,83
"Los Angeles Galaxy",9,9,"West",9,9,84,0,0,0,75
"Minnesota United FC",9,17,"West",17,17,92,8,8,8,83
"Nashville SC",9,22,"East",22,22,97,13,13,13,88
"New England Revolution",9,16,"East",16,16,91,7,7,7,82
"New York City FC",9,12,"East",12,12,87,3,3,3,78
"New York Red Bulls",9,12,"East",12,12,87,3,3,3,78
"Orlando City SC",9,7,"East",7,7,82,-2,-2,-2,73
"Philadelphia Union",9,5,"East",5,5,80,-4,-4,-4,71
"Portland Timbers",9,10,"West",10,10,85,1,1,1,76
"Real Salt Lake",9,16,"West",16,16,91,7,7,7,82
"San Diego",9,11,"West",11,11,86,2,2,2,77
"San Jose Earthquakes",9,24,"West",24,24,99,15,15,15,90
"Seattle Sounders",9,20,"West",20,20,95,11,11,11,86
"Sporting Kansas City",9,4,"West",4,4,79,-5,-5,-5,70
"St. Louis City",9,6,"West",6,6,81,-3,-3,-3,72
"Toronto FC",9,13,"East",13,13,88,4,4,4,79
"Vancouver Whitecaps",9,24,"West",24,24,99,15,15,15,90
"Atlanta United FC",10,7,"East",7,7,79,-3,-3,-3,69
"Austin",10,10,"West",10,10,82,0,0,0,72
"CF Montreal",10,9,"East",9,9,81,-1,-1,-1,71
"Charlotte",10,14,"East",14,14,86,4,4,4,76
"Chicago Fire",10,17,"East",17,17,89,7,7,7,79
"Colorado Rapids",10,13,"West",13,13,85,3,3,3,75
"Columbus Crew",10,12,"East",12,12,84,2,2,2,74
"DC United",10,12,"East",12,12,84,2,2,2,74
"FC Cincinnati",10,12,"East",12,12,84,2,2,2,74
"FC Dallas",10,13,"West",13,13,85,3,3,3,75
"Houston Dynamo",10,15,"West",15,15,87,5,5,5,77
"Inter Miami",10,19,"East",19,19,91,9,9,9,81
"Los Angeles FC",10,20,"West",20,20,92,10,10,10,82
"Los Angeles Galaxy",10,12,"West",12,12,84,2,2,2,74
"Minnesota United FC",10,17,"West",17,17,89,7,7,7,79
"Nashville SC",10,23,"East",23,23,95,13,13,13,85
"New England Revolution",10,19,"East",19,19,91,9,9,9,81
"New York City FC",10,12,"East",12,12,84,2,2,2,74
"New York Red Bulls",10,12,"East",12,12,84,2,2,2,74
"Orlando City SC",10,7,"East",7,7,79,-3,-3,-3,69
"Philadelphia Union",10,5,"East",5,5,77,-5,-5,-5,67
"Portland Timbers",10,10,"West",10,10,82,0,0,0,72
"Real Salt Lake",10,19,"West",19,19,91,9,9,9,81
"San Diego",10,11,"West",11,11,83,1,1,1,73
"San Jose Earthquakes",10,27,"West",27,27,99,17,17,17,89
"Seattle Sounders",10,21,"West",21,21,93,11,11,11,83
"Sporting Kansas City",10,5,"West",5,5,77,-5,-5,-5,67
"St. Louis City",10,6,"West",6,6,78,-4,-4,-4,68
"Toronto FC",10,13,"East",13,13,85,3,3,3,75
"Vancouver Whitecaps",10,25,"West",25,25,97,15,15,15,87
"Atlanta United FC",11,10,"East",10,10,79,-1,-1,-1,68
"Austin",11,13,"West",13,13,82,2,2,2,71
"CF Montreal",11,12,"East",12,12,81,1,1,1,70
"Charlotte",11,14,"East",14,14,83,3,3,3,72
"Chicago Fire",11,17,"East",17,17,86,6,6,6,75
"Colorado Rapids",11,13,"West",13,13,82,2,2,2,71
"Columbus Crew",11,12,"East",12,12,81,1,1,1,70
"DC United",11,15,"East",15,15,84,4,4,4,73
"FC Cincinnati",11,15,"East",15,15,84,4,4,4,73
"FC Dallas",11,16,"West",16,16,85,5,5,5,74
"Houston Dynamo",11,18,"West",18,18,87,7,7,7,76
"Inter Miami",11,19,"East",19,19,88,8,8,8,77
"Los Angeles FC",11,21,"West",21,21,90,10,10,10,79
"Los Angeles Galaxy",11,13,"West",13,13,82,2,2,2,71
"Minnesota United FC",11,20,"West",20,20,89,9,9,9,78
"Nashville SC",11,24,"East",24,24,93,13,13,13,82
"New England Revolution",11,22,"East",22,22,91,11,11,11,80
"New York City FC",11,12,"East",12,12,81,1,1,1,70
"New York Red Bulls",11,12,"East",12,12,81,1,1,1,70
"Orlando City SC",11,10,"East",10,10,79,-1,-1,-1,68
"Philadelphia Union",11,6,"East",6,6,75,-5,-5,-5,64
"Portland Timbers",11,13,"West",13,13,82,2,2,2,71
"Real Salt Lake",11,19,"West",19,19,88,8,8,8,77
"San Diego",11,12,"West",12,12,81,1,1,1,70
"San Jose Earthquakes",11,28,"West",28,28,97,17,17,17,86
"Seattle Sounders",11,24,"West",24,24,93,13,13,13,82
"Sporting Kansas City",11,5,"West",5,5,74,-6,-6,-6,63
"St. Louis City",11,9,"West",9,9,78,-2,-2,-2,67
"Toronto FC",11,14,"East",14,14,83,3,3,3,72
"Vancouver Whitecaps",11,26,"West",26,26,95,15,15,15,84
"Atlanta United FC",12,10,"East",10,10,76,-2,-2,-2,64
"Austin",12,14,"West",14,14,80,2,2,2,68
"CF Montreal",12,13,"East",13,13,79,1,1,1,67
"Charlotte",12,15,"East",15,15,81,3,3,3,69
"Chicago Fire",12,20,"East",20,20,86,8,8,8,74
"Colorado Rapids",12,13,"West",13,13,79,1,1,1,67
"Columbus Crew",12,12,"East",12,12,78,0,0,0,66
"DC United",12,16,"East",16,16,82,4,4,4,70
"FC Cincinnati",12,16,"East",16,16,82,4,4,4,70
"FC Dallas",12,19,"West",19,19,85,7,7,7,73
"Houston Dynamo",12,18,"West",18,18,84,6,6,6,72
"Inter Miami",12,22,"East",22,22,88,10,10,10,76
"Los Angeles FC",12,21,"West",21,21,87,9,9,9,75
"Los Angeles Galaxy",12,16,"West",16,16,82,4,4,4,70
"Minnesota United FC",12,21,"West",21,21,87,9,9,9,75
"Nashville SC",12,27,"East",27,27,93,15,15,15,81
"New England Revolution",12,22,"East",22,22,88,10,10,10,76
"New York City FC",12,15,"East",15,15,81,3,3,3,69
"New York Red Bulls",12,15,"East",15,15,81,3,3,3,69
"Orlando City SC",12,10,"East",10,10,76,-2,-2,-2,64
"Philadelphia Union",12,6,"East",6,6,72,-6,-6,-6,60
"Portland Timbers",12,14,"West",14,14,80,2,2,2,68
"Real Salt Lake",12,22,"West",22,22,88,10,10,10,76
"San Diego",12,13,"West",13,13,79,1,1,1,67
"San Jose Earthquakes",12,29,"West",29,29,95,17,17,17,83
"Seattle Sounders",12,24,"West",24,24,90,12,12,12,78
"Sporting Kansas City",12,8,"West",8,8,74,-4,-4,-4,62
"St. Louis City",12,12,"West",12,12,78,0,0,0,66
"Toronto FC",12,14,"East",14,14,80,2,2,2,68
"Vancouver Whitecaps",12,29,"West",29,29,95,17,17,17,83
"Atlanta United FC",13,11,"East",11,11,74,-2,-2,-2,61
"Austin",13,14,"West",14,14,77,1,1,1,64
"CF Montreal",13,13,"East",13,13,76,0,0,0,63
"Charlotte",13,15,"East",15,15,78,2,2,2,65
"Chicago Fire",13,23,"East",23,23,86,10,10,10,73
"Colorado Rapids",13,16,"West",16,16,79,3,3,3,66
"Columbus Crew",13,12,"East",12,12,75,-1,-1,-1,62
"DC United",13,16,"East",16,16,79,3,3,3,66
"FC Cincinnati",13,16,"East",16,16,79,3,3,3,66
"FC Dallas",13,19,"West",19,19,82,6,6,6,69
"Houston Dynamo",13,21,"West",21,21,84,8,8,8,71
"Inter Miami",13,25,"East",25,25,88,12,12,12,75
"Los Angeles FC",13,21,"West",21,21,84,8,8,8,71
"Los Angeles Galaxy",13,16,"West",16,16,79,3,3,3,66
"Minnesota United FC",13,21,"West",21,21,84,8,8,8,71
"Nashville SC",13,30,"East",30,30,93,17,17,17,80
"New England Revolution",13,25,"East",25,25,88,12,12,12,75
"New York City FC",13,18,"East",18,18,81,5,5,5,68
"New York Red Bulls",13,18,"East",18,18,81,5,5,5,68
"Orlando City SC",13,13,"East",13,13,76,0,0,0,63
"Philadelphia Union",13,6,"East",6,6,69,-7,-7,-7,56
"Portland Timbers",13,14,"West",14,14,77,1,1,1,64
"Real Salt Lake",13,25,"West",25,25,88,12,12,12,75
"San Diego",13,16,"West",16,16,79,3,3,3,66
"San Jose Earthquakes",13,29,"West",29,29,92,16,16,16,79
"Seattle Sounders",13,24,"West",24,24,87,11,11,11,74
"Sporting Kansas City",13,11,"West",11,11,74,-2,-2,-2,61
"St. Louis City",13,13,"West",13,13,76,0,0,0,63
"Toronto FC",13,14,"East",14,14,77,1,1,1,64
"Vancouver Whitecaps",13,29,"West",29,29,92,16,16,16,79
"Atlanta United FC",14,11,"East",11,11,71,-3,-3,-3,57
"Austin",14,14,"West",14,14,74,0,0,0,60
"CF Montreal",14,14,"East",14,14,74,0,0,0,60
"Charlotte",14,18,"East",18,18,78,4,4,4,64
"Chicago Fire",14,26,"East",26,26,86,12,12,12,72
"Colorado Rapids",14,16,"West",16,16,76,2,2,2,62
"Columbus Crew",14,13,"East",13,13,73,-1,-1,-1,59
"DC United",14,17,"East",17,17,77,3,3,3,63
"FC Cincinnati",14,17,"East",17,17,77,3,3,3,63
"FC Dallas",14,22,"West",22,22,82,8,8,8,68
"Houston Dynamo",14,22,"West",22,22,82,8,8,8,68
"Inter Miami",14,28,"East",28,28,88,14,14,14,74
"Los Angeles FC",14,21,"West",21,21,81,7,7,7,67
"Los Angeles Galaxy",14,19,"West",19,19,79,5,5,5,65
"Minnesota United FC",14,21,"West",21,21,81,7,7,7,67
"Nashville SC",14,33,"East",33,33,93,19,19,19,79
"New England Revolution",14,25,"East",25,25,85,11,11,11,71
"New York City FC",14,19,"East",19,19,79,5,5,5,65
"New York Red Bulls",14,19,"East",19,19,79,5,5,5,65
"Orlando City SC",14,14,"East",14,14,74,0,0,0,60
"Philadelphia Union",14,7,"East",7,7,67,-7,-7,-7,53
"Portland Timbers",14,14,"West",14,14,74,0,0,0,60
"Real Salt Lake",14,26,"West",26,26,86,12,12,12,72
"San Diego",14,17,"West",17,17,77,3,3,3,63
"San Jose Earthquakes",14,29,"West",29,29,89,15,15,15,75
"Seattle Sounders",14,24,"West",24,24,84,10,10,10,70
"Sporting Kansas City",14,11,"West",11,11,71,-3,-3,-3,57
"St. Louis City",14,16,"West",16,16,76,2,2,2,62
"Toronto FC",14,14,"East",14,14,74,0,0,0,60
"Vancouver Whitecaps",14,32,"West",32,32,92,18,18,18,78
"Atlanta United FC",15,11,"East",11,11,68,-4,-4,-4,53
"Austin",15,14,"West",14,14,71,-1,-1,-1,56
"CF Montreal",15,15,"East",15,15,72,0,0,0,57
"Charlotte",15,21,"East",21,21,78,6,6,6,63
"Chicago Fire",15,26,"East",26,26,83,11,11,11,68
"Colorado Rapids",15,16,"West",16,16,73,1,1,1,58
"Columbus Crew",15,16,"East",16,16,73,1,1,1,58
"DC United",15,18,"East",18,18,75,3,3,3,60
"FC Cincinnati",15,20,"East",20,20,77,5,5,5,62
"FC Dallas",15,25,"West",25,25,82,10,10,10,67
"Houston Dynamo",15,23,"West",23,23,80,8,8,8,65
"Inter Miami",15,31,"East",31,31,88,16,16,16,73
"Los Angeles FC",15,24,"West",24,24,81,9,9,9,66
"Los Angeles Galaxy",15,20,"West",20,20,77,5,5,5,62
"Minnesota United FC",15,22,"West",22,22,79,7,7,7,64
"Nashville SC",15,36,"East",36,36,93,21,21,21,78
"New England Revolution",15,26,"East",26,26,83,11,11,11,68
"New York City FC",15,19,"East",19,19,76,4,4,4,61
"New York Red Bulls",15,22,"East",22,22,79,7,7,7,64
"Orlando City SC",15,14,"East",14,14,71,-1,-1,-1,56
"Philadelphia Union",15,7,"East",7,7,64,-8,-8,-8,49
"Portland Timbers",15,17,"West",17,17,74,2,2,2,59
"Real Salt Lake",15,26,"West",26,26,83,11,11,11,68
"San Diego",15,17,"West",17,17,74,2,2,2,59
"San Jose Earthquakes",15,32,"West",32,32,89,17,17,17,74
"Seattle Sounders",15,24,"West",24,24,81,9,9,9,66
"Sporting Kansas City",15,11,"West",11,11,68,-4,-4,-4,53
"St. Louis City",15,19,"West",19,19,76,4,4,4,61
"Toronto FC",15,15,"East",15,15,72,0,0,0,57
"Vancouver Whitecaps",15,32,"West",32,32,89,17,17,17,74
"Atlanta United FC",16,12,"East",12,12,66,-4,-4,-4,50
"Austin",16,17,"West",17,17,71,1,1,1,55
"CF Montreal",16,15,"East",15,15,69,-1,-1,-1,53
"Charlotte",16,22,"East",22,22,76,6,6,6,60
"Chicago Fire",16,26,"East",26,26,80,10,10,10,64
"Colorado Rapids",16,19,"West",19,19,73,3,3,3,57
"Columbus Crew",16,16,"East",16,16,70,0,0,0,54
"DC United",16,19,"East",19,19,73,3,3,3,57
"FC Cincinnati",16,23,"East",23,23,77,7,7,7,61
"FC Dallas",16,26,"West",26,26,80,10,10,10,64
"Houston Dynamo",16,26,"West",26,26,80,10,10,10,64
"Inter Miami",16,34,"East",34,34,88,18,18,18,72
"Los Angeles FC",16,27,"West",27,27,81,11,11,11,65
"Los Angeles Galaxy",16,20,"West",20,20,74,4,4,4,58
"Minnesota United FC",16,22,"West",22,22,76,6,6,6,60
"Nashville SC",16,39,"East",39,39,93,23,23,23,77
"New England Revolution",16,29,"East",29,29,83,13,13,13,67
"New York City FC",16,22,"East",22,22,76,6,6,6,60
"New York Red Bulls",16,22,"East",22,22,76,6,6,6,60
"Orlando City SC",16,17,"East",17,17,71,1,1,1,55
"Philadelphia Union",16,10,"East",10,10,64,-6,-6,-6,48
"Portland Timbers",16,18,"West",18,18,72,2,2,2,56
"Real Salt Lake",16,26,"West",26,26,80,10,10,10,64
"San Diego",16,17,"West",17,17,71,1,1,1,55
"San Jose Earthquakes",16,32,"West",32,32,86,16,16,16,70
"Seattle Sounders",16,24,"West",24,24,78,8,8,8,62
"Sporting Kansas City",16,14,"West",14,14,68,-2,-2,-2,52
"St. Louis City",16,22,"West",22,22,76,6,6,6,60
"Toronto FC",16,16,"East",16,16,70,0,0,0,54
"Vancouver Whitecaps",16,33,"West",33,33,87,17,17,17,71
"Atlanta United FC",17,12,"East",12,12,63,-5,-5,-5,46
"Austin",17,17,"West",17,17,68,0,0,0,51
"CF Montreal",17,15,"East",15,15,66,-2,-2,-2,49
"Charlotte",17,25,"East",25,25,76,8,8,8,59
"Chicago Fire",17,29,"East",29,29,80,12,12,12,63
"Colorado Rapids",17,19,"West",19,19,70,2,2,2,53
"Columbus Crew",17,19,"East",19,19,70,2,2,2,53
"DC United",17,22,"East",22,22,73,5,5,5,56
"FC Cincinnati",17,23,"East",23,23,74,6,6,6,57
"FC Dallas",17,26,"West",26,26,77,9,9,9,60
"Houston Dynamo",17,29,"West",29,29,80,12,12,12,63
"Inter Miami",17,37,"East",37,37,88,20,20,20,71
"Los Angeles FC",17,30,"West",30,30,81,13,13,13,64
"Los Angeles Galaxy",17,20,"West",20,20,71,3,3,3,54
"Minnesota United FC",17,23,"West",23,23,74,6,6,6,57
"Nashville SC",17,39,"East",39,39,90,22,22,22,73
"New England Revolution",17,30,"East",30,30,81,13,13,13,64
"New York City FC",17,25,"East",25,25,76,8,8,8,59
"New York Red Bulls",17,22,"East",22,22,73,5,5,5,56
"Orlando City SC",17,20,"East",20,20,71,3,3,3,54
"Philadelphia Union",17,13,"East",13,13,64,-4,-4,-4,47
"Portland Timbers",17,21,"West",21,21,72,4,4,4,55
"Real Salt Lake",17,27,"West",27,27,78,10,10,10,61
"San Diego",17,20,"West",20,20,71,3,3,3,54
"San Jose Earthquakes",17,33,"West",33,33,84,16,16,16,67
"Seattle Sounders",17,24,"West",24,24,75,7,7,7,58
"Sporting Kansas City",17,14,"West",14,14,65,-3,-3,-3,48
"St. Louis City",17,25,"West",25,25,76,8,8,8,59
"Toronto FC",17,16,"East",16,16,67,-1,-1,-1,50
"Vancouver Whitecaps",17,34,"West",34,34,85,17,17,17,68
"Atlanta United FC",18,12,"East",12,12,60,-6,-6,-6,42
"Austin",18,17,"West",17,17,65,-1,-1,-1,47
"CF Montreal",18,16,"East",16,16,64,-2,-2,-2,46
"Charlotte",18,25,"East",25,25,73,7,7,7,55
"Chicago Fire",18,32,"East",32,32,80,14,14,14,62
"Colorado Rapids",18,22,"West",22,22,70,4,4,4,52
"Columbus Crew",18,20,"East",20,20,68,2,2,2,50
"DC United",18,23,"East",23,23,71,5,5,5,53
"FC Cincinnati",18,26,"East",26,26,74,8,8,8,56
"FC Dallas",18,27,"West",27,27,75,9,9,9,57
"Houston Dynamo",18,32,"West",32,32,80,14,14,14,62
"Inter Miami",18,38,"East",38,38,86,20,20,20,68
"Los Angeles FC",18,33,"West",33,33,81,15,15,15,63
"Los Angeles Galaxy",18,21,"West",21,21,69,3,3,3,51
"Minnesota United FC",18,24,"West",24,24,72,6,6,6,54
"Nashville SC",18,40,"East",40,40,88,22,22,22,70
"New England Revolution",18,30,"East",30,30,78,12,12,12,60
"New York City FC",18,26,"East",26,26,74,8,8,8,56
"New York Red Bulls",18,25,"East",25,25,73,7,7,7,55
"Orlando City SC",18,20,"East",20,20,68,2,2,2,50
"Philadelphia Union",18,16,"East",16,16,64,-2,-2,-2,46
"Portland Timbers",18,24,"West",24,24,72,6,6,6,54
"Real Salt Lake",18,28,"West",28,28,76,10,10,10,58
"San Diego",18,21,"West",21,21,69,3,3,3,51
"San Jose Earthquakes",18,33,"West",33,33,81,15,15,15,63
"Seattle Sounders",18,24,"West",24,24,72,6,6,6,54
"Sporting Kansas City",18,14,"West",14,14,62,-4,-4,-4,44
"St. Louis City",18,26,"West",26,26,74,8,8,8,56
"Toronto FC",18,17,"East",17,17,65,-1,-1,-1,47
"Vancouver Whitecaps",18,37,"West",37,37,85,19,19,19,67
"Atlanta United FC",19,15,"East",15,15,60,-4,-4,-4,41
"Austin",19,17,"West",17,17,62,-2,-2,-2,43
"CF Montreal",19,17,"East",17,17,62,-2,-2,-2,43
"Charlotte",19,28,"East",28,28,73,9,9,9,54
"Chicago Fire",19,35,"East",35,35,80,16,16,16,61
"Colorado Rapids",19,25,"West",25,25,70,6,6,6,51
"Columbus Crew",19,20,"East",20,20,65,1,1,1,46
"DC United",19,24,"East",24,24,69,5,5,5,50
"FC Cincinnati",19,27,"East",27,27,72,8,8,8,53
"FC Dallas",19,30,"West",30,30,75,11,11,11,56
"Houston Dynamo",19,35,"West",35,35,80,16,16,16,61
"Inter Miami",19,38,"East",38,38,83,19,19,19,64
"Los Angeles FC",19,34,"West",34,34,79,15,15,15,60
"Los Angeles Galaxy",19,22,"West",22,22,67,3,3,3,48
"Minnesota United FC",19,25,"West",25,25,70,6,6,6,51
"Nashville SC",19,43,"East",43,43,88,24,24,24,69
"New England Revolution",19,30,"East",30,30,75,11,11,11,56
"New York City FC",19,26,"East",26,26,71,7,7,7,52
"New York Red Bulls",19,25,"East",25,25,70,6,6,6,51
"Orlando City SC",19,21,"East",21,21,66,2,2,2,47
"Philadelphia Union",19,19,"East",19,19,64,0,0,0,45
"Portland Timbers",19,24,"West",24,24,69,5,5,5,50
"Real Salt Lake",19,28,"West",28,28,73,9,9,9,54
"San Diego",19,24,"West",24,24,69,5,5,5,50
"San Jose Earthquakes",19,33,"West",33,33,78,14,14,14,59
"Seattle Sounders",19,24,"West",24,24,69,5,5,5,50
"Sporting Kansas City",19,14,"West",14,14,59,-5,-5,-5,40
"St. Louis City",19,29,"West",29,29,74,10,10,10,55
"Toronto FC",19,20,"East",20,20,65,1,1,1,46
"Vancouver Whitecaps",19,37,"West",37,37,82,18,18,18,63
"Atlanta United FC",20,18,"East",18,18,60,-2,-2,-2,40
"Austin",20,20,"West",20,20,62,0,0,0,42
"CF Montreal",20,20,"East",20,20,62,0,0,0,42
"Charlotte",20,29,"East",29,29,71,9,9,9,51
"Chicago Fire",20,36,"East",36,36,78,16,16,16,58
"Colorado Rapids",20,28,"West",28,28,70,8,8,8,50
"Columbus Crew",20,20,"East",20,20,62,0,0,0,42
"DC United",20,24,"East",24,24,66,4,4,4,46
"FC Cincinnati",20,30,"East",30,30,72,10,10,10,52
"FC Dallas",20,33,"West",33,33,75,13,13,13,55
"Houston Dynamo",20,38,"West",38,38,80,18,18,18,60
"Inter Miami",20,39,"East",39,39,81,19,19,19,61
"Los Angeles FC",20,34,"West",34,34,76,14,14,14,56
"Los Angeles Galaxy",20,22,"West",22,22,64,2,2,2,44
"Minnesota United FC",20,25,"West",25,25,67,5,5,5,47
"Nashville SC",20,46,"East",46,46,88,26,26,26,68
"New England Revolution",20,33,"East",33,33,75,13,13,13,55
"New York City FC",20,26,"East",26,26,68,6,6,6,48
"New York Red Bulls",20,25,"East",25,25,67,5,5,5,47
"Orlando City SC",20,21,"East",21,21,63,1,1,1,43
"Philadelphia Union",20,20,"East",20,20,62,0,0,0,42
"Portland Timbers",20,27,"West",27,27,69,7,7,7,49
"Real Salt Lake",20,28,"West",28,28,70,8,8,8,50
"San Diego",20,24,"West",24,24,66,4,4,4,46
"San Jose Earthquakes",20,33,"West",33,33,75,13,13,13,55
"Seattle Sounders",20,25,"West",25,25,67,5,5,5,47
"Sporting Kansas City",20,15,"West",15,15,57,-5,-5,-5,37
"St. Louis City",20,30,"West",30,30,72,10,10,10,52
"Toronto FC",20,21,"East",21,21,63,1,1,1,43
"Vancouver Whitecaps",20,40,"West",40,40,82,20,20,20,62
"Atlanta United FC",21,21,"East",21,21,60,0,0,0,39
"Austin",21,21,"West",21,21,60,0,0,0,39
"CF Montreal",21,21,"East",21,21,60,0,0,0,39
"Charlotte",21,32,"East",32,32,71,11,11,11,50
"Chicago Fire",21,37,"East",37,37,76,16,16,16,55
"Colorado Rapids",21,28,"West",28,28,67,7,7,7,46
"Columbus Crew",21,20,"East",20,20,59,-1,-1,-1,38
"DC United",21,24,"East",24,24,63,3,3,3,42
"FC Cincinnati",21,31,"East",31,31,70,10,10,10,49
"FC Dallas",21,33,"West",33,33,72,12,12,12,51
"Houston Dynamo",21,38,"West",38,38,77,17,17,17,56
"Inter Miami",21,39,"East",39,39,78,18,18,18,57
"Los Angeles FC",21,34,"West",34,34,73,13,13,13,52
"Los Angeles Galaxy",21,25,"West",25,25,64,4,4,4,43
"Minnesota United FC",21,28,"West",28,28,67,7,7,7,46
"Nashville SC",21,49,"East",49,49,88,28,28,28,67
"New England Revolution",21,34,"East",34,34,73,13,13,13,52
"New York City FC",21,27,"East",27,27,66,6,6,6,45
"New York Red Bulls",21,26,"East",26,26,65,5,5,5,44
"Orlando City SC",21,24,"East",24,24,63,3,3,3,42
"Philadelphia Union",21,21,"East",21,21,60,0,0,0,39
"Portland Timbers",21,28,"West",28,28,67,7,7,7,46
"Real Salt Lake",21,28,"West",28,28,67,7,7,7,46
"San Diego",21,27,"West",27,27,66,6,6,6,45
"San Jose Earthquakes",21,33,"West",33,33,72,12,12,12,51
"Seattle Sounders",21,26,"West",26,26,65,5,5,5,44
"Sporting Kansas City",21,15,"West",15,15,54,-6,-6,-6,33
"St. Louis City",21,33,"West",33,33,72,12,12,12,51
"Toronto FC",21,24,"East",24,24,63,3,3,3,42
"Vancouver Whitecaps",21,43,"West",43,43,82,22,22,22,61
"Atlanta United FC",22,21,"East",21,21,57,-1,-1,-1,35
"Austin",22,24,"West",24,24,60,2,2,2,38
"CF Montreal",22,21,"East",21,21,57,-1,-1,-1,35
"Charlotte",22,35,"East",35,35,71,13,13,13,49
"Chicago Fire",22,38,"East",38,38,74,16,16,16,52
"Colorado Rapids",22,31,"West",31,31,67,9,9,9,45
"Columbus Crew",22,20,"East",20,20,56,-2,-2,-2,34
"DC United",22,25,"East",25,25,61,3,3,3,39
"FC Cincinnati",22,31,"East",31,31,67,9,9,9,45
"FC Dallas",22,34,"West",34,34,70,12,12,12,48
"Houston Dynamo",22,39,"West",39,39,75,17,17,17,53
"Inter Miami",22,42,"East",42,42,78,20,20,20,56
"Los Angeles FC",22,35,"West",35,35,71,13,13,13,49
"Los Angeles Galaxy",22,26,"West",26,26,62,4,4,4,40
"Minnesota United FC",22,29,"West",29,29,65,7,7,7,43
"Nashville SC",22,52,"East",52,52,88,30,30,30,66
"New England Revolution",22,37,"East",37,37,73,15,15,15,51
"New York City FC",22,28,"East",28,28,64,6,6,6,42
"New York Red Bulls",22,26,"East",26,26,62,4,4,4,40
"Orlando City SC",22,25,"East",25,25,61,3,3,3,39
"Philadelphia Union",22,24,"East",24,24,60,2,2,2,38
"Portland Timbers",22,28,"West",28,28,64,6,6,6,42
"Real Salt Lake",22,29,"West",29,29,65,7,7,7,43
"San Diego",22,30,"West",30,30,66,8,8,8,44
"San Jose Earthquakes",22,34,"West",34,34,70,12,12,12,48
"Seattle Sounders",22,27,"West",27,27,63,5,5,5,41
"Sporting Kansas City",22,15,"West",15,15,51,-7,-7,-7,29
"St. Louis City",22,34,"West",34,34,70,12,12,12,48
"Toronto FC",22,25,"East",25,25,61,3,3,3,39
"Vancouver Whitecaps",22,43,"West",43,43,79,21,21,21,57
"Atlanta United FC",23,22,"East",22,22,55,-1,-1,-1,32
"Austin",23,25,"West",25,25,58,2,2,2,35
"CF Montreal",23,21,"East",21,21,54,-2,-2,-2,31
"Charlotte",23,36,"East",36,36,69,13,13,13,46
"Chicago Fire",23,39,"East",39,39,72,16,16,16,49
"Colorado Rapids",23,31,"West",31,31,64,8,8,8,41
"Columbus Crew",23,23,"East",23,23,56,0,0,0,33
"DC United",23,28,"East",28,28,61,5,5,5,38
"FC Cincinnati",23,31,"East",31,31,64,8,8,8,41
"FC Dallas",23,37,"West",37,37,70,14,14,14,47
"Houston Dynamo",23,40,"West",40,40,73,17,17,17,50
"Inter Miami",23,43,"East",43,43,76,20,20,20,53
"Los Angeles FC",23,36,"West",36,36,69,13,13,13,46
"Los Angeles Galaxy",23,26,"West",26,26,59,3,3,3,36
"Minnesota United FC",23,29,"West",29,29,62,6,6,6,39
"Nashville SC",23,53,"East",53,53,86,30,30,30,63
"New England Revolution",23,37,"East",37,37,70,14,14,14,47
"New York City FC",23,29,"East",29,29,62,6,6,6,39
"New York Red Bulls",23,27,"East",27,27,60,4,4,4,37
"Orlando City SC",23,28,"East",28,28,61,5,5,5,38
"Philadelphia Union",23,27,"East",27,27,60,4,4,4,37
"Portland Timbers",23,31,"West",31,31,64,8,8,8,41
"Real Salt Lake",23,29,"West",29,29,62,6,6,6,39
"San Diego",23,30,"West",30,30,63,7,7,7,40
"San Jose Earthquakes",23,35,"West",35,35,68,12,12,12,45
"Seattle Sounders",23,28,"West",28,28,61,5,5,5,38
"Sporting Kansas City",23,15,"West",15,15,48,-8,-8,-8,25
"St. Louis City",23,37,"West",37,37,70,14,14,14,47
"Toronto FC",23,26,"East",26,26,59,3,3,3,36
"Vancouver Whitecaps",23,46,"West",46,46,79,23,23,23,56
"Atlanta United FC",24,22,"East",22,22,52,-2,-2,-2,28
"Austin",24,26,"West",26,26,56,2,2,2,32
"CF Montreal",24,21,"East",21,21,51,-3,-3,-3,27
"Charlotte",24,39,"East",39,39,69,15,15,15,45
"Chicago Fire",24,39,"East",39,39,69,15,15,15,45
"Colorado Rapids",24,32,"West",32,32,62,8,8,8,38
"Columbus Crew",24,23,"East",23,23,53,-1,-1,-1,29
"DC United",24,29,"East",29,29,59,5,5,5,35
"FC Cincinnati",24,32,"East",32,32,62,8,8,8,38
"FC Dallas",24,40,"West",40,40,70,16,16,16,46
"Houston Dynamo",24,43,"West",43,43,73,19,19,19,49
"Inter Miami",24,44,"East",44,44,74,20,20,20,50
"Los Angeles FC",24,37,"West",37,37,67,13,13,13,43
"Los Angeles Galaxy",24,29,"West",29,29,59,5,5,5,35
"Minnesota United FC",24,29,"West",29,29,59,5,5,5,35
"Nashville SC",24,53,"East",53,53,83,29,29,29,59
"New England Revolution",24,40,"East",40,40,70,16,16,16,46
"New York City FC",24,29,"East",29,29,59,5,5,5,35
"New York Red Bulls",24,27,"East",27,27,57,3,3,3,33
"Orlando City SC",24,31,"East",31,31,61,7,7,7,37
"Philadelphia Union",24,30,"East",30,30,60,6,6,6,36
"Portland Timbers",24,32,"West",32,32,62,8,8,8,38
"Real Salt Lake",24,29,"West",29,29,59,5,5,5,35
"San Diego",24,30,"West",30,30,60,6,6,6,36
"San Jose Earthquakes",24,38,"West",38,38,68,14,14,14,44
"Seattle Sounders",24,29,"West",29,29,59,5,5,5,35
"Sporting Kansas City",24,18,"West",18,18,48,-6,-6,-6,24
"St. Louis City",24,38,"West",38,38,68,14,14,14,44
"Toronto FC",24,29,"East",29,29,59,5,5,5,35
"Vancouver Whitecaps",24,46,"West",46,46,76,22,22,22,52
"Atlanta United FC",25,23,"East",23,23,50,-2,-2,-2,25
"Austin",25,29,"West",29,29,56,4,4,4,31
"CF Montreal",25,21,"East",21,21,48,-4,-4,-4,23
"Charlotte",25,40,"East",40,40,67,15,15,15,42
"Chicago Fire",25,39,"East",39,39,66,14,14,14,41
"Colorado Rapids",25,35,"West",35,35,62,10,10,10,37
"Columbus Crew",25,23,"East",23,23,50,-2,-2,-2,25
"DC United",25,29,"East",29,29,56,4,4,4,31
"FC Cincinnati",25,33,"East",33,33,60,8,8,8,35
"FC Dallas",25,43,"West",43,43,70,18,18,18,45
"Houston Dynamo",25,43,"West",43,43,70,18,18,18,45
"Inter Miami",25,45,"East",45,45,72,20,20,20,47
"Los Angeles FC",25,40,"West",40,40,67,15,15,15,42
"Los Angeles Galaxy",25,29,"West",29,29,56,4,4,4,31
"Minnesota United FC",25,29,"West",29,29,56,4,4,4,31
"Nashville SC",25,54,"East",54,54,81,29,29,29,56
"New England Revolution",25,43,"East",43,43,70,18,18,18,45
"New York City FC",25,32,"East",32,32,59,7,7,7,34
"New York Red Bulls",25,30,"East",30,30,57,5,5,5,32
"Orlando City SC",25,34,"East",34,34,61,9,9,9,36
"Philadelphia Union",25,33,"East",33,33,60,8,8,8,35
"Portland Timbers",25,32,"West",32,32,59,7,7,7,34
"Real Salt Lake",25,29,"West",29,29,56,4,4,4,31
"San Diego",25,30,"West",30,30,57,5,5,5,32
"San Jose Earthquakes",25,41,"West",41,41,68,16,16,16,43
"Seattle Sounders",25,32,"West",32,32,59,7,7,7,34
"Sporting Kansas City",25,18,"West",18,18,45,-7,-7,-7,20
"St. Louis City",25,41,"West",41,41,68,16,16,16,43
"Toronto FC",25,29,"East",29,29,56,4,4,4,31
"Vancouver Whitecaps",25,49,"West",49,49,76,24,24,24,51
"Atlanta United FC",26,26,"East",26,26,50,0,0,0,24
"Austin",26,30,"West",30,30,54,4,4,4,28
"CF Montreal",26,21,"East",21,21,45,-5,-5,-5,19
"Charlotte",26,43,"East",43,43,67,17,17,17,41
"Chicago Fire",26,42,"East",42,42,66,16,16,16,40
"Colorado Rapids",26,36,"West",36,36,60,10,10,10,34
"Columbus Crew",26,26,"East",26,26,50,0,0,0,24
"DC United",26,30,"East",30,30,54,4,4,4,28
"FC Cincinnati",26,33,"East",33,33,57,7,7,7,31
"FC Dallas",26,44,"West",44,44,68,18,18,18,42
"Houston Dynamo",26,44,"West",44,44,68,18,18,18,42
"Inter Miami",26,46,"East",46,46,70,20,20,20,44
"Los Angeles FC",26,40,"West",40,40,64,14,14,14,38
"Los Angeles Galaxy",26,30,"West",30,30,54,4,4,4,28
"Minnesota United FC",26,29,"West",29,29,53,3,3,3,27
"Nashville SC",26,57,"East",57,57,81,31,31,31,55
"New England Revolution",26,46,"East",46,46,70,20,20,20,44
"New York City FC",26,32,"East",32,32,56,6,6,6,30
"New York Red Bulls",26,33,"East",33,33,57,7,7,7,31
"Orlando City SC",26,34,"East",34,34,58,8,8,8,32
"Philadelphia Union",26,36,"East",36,36,60,10,10,10,34
"Portland Timbers",26,32,"West",32,32,56,6,6,6,30
"Real Salt Lake",26,29,"West",29,29,53,3,3,3,27
"San Diego",26,31,"West",31,31,55,5,5,5,29
"San Jose Earthquakes",26,42,"West",42,42,66,16,16,16,40
"Seattle Sounders",26,35,"West",35,35,59,9,9,9,33
"Sporting Kansas City",26,21,"West",21,21,45,-5,-5,-5,19
"St. Louis City",26,44,"West",44,44,68,18,18,18,42
"Toronto FC",26,29,"East",29,29,53,3,3,3,27
"Vancouver Whitecaps",26,50,"West",50,50,74,24,24,24,48
"Atlanta United FC",27,27,"East",27,27,48,0,0,0,21
"Austin",27,31,"West",31,31,52,4,4,4,25
"CF Montreal",27,24,"East",24,24,45,-3,-3,-3,18
"Charlotte",27,43,"East",43,43,64,16,16,16,37
"Chicago Fire",27,NA,"East",45,42,66,NA,18,15,39
"Colorado Rapids",27,36,"West",36,36,57,9,9,9,30
"Columbus Crew",27,NA,"East",29,26,50,NA,2,-1,23
"DC United",27,NA,"East",33,30,54,NA,6,3,27
"FC Cincinnati",27,NA,"East",36,33,57,NA,9,6,30
"FC Dallas",27,47,"West",47,47,68,20,20,20,41
"Houston Dynamo",27,44,"West",44,44,65,17,17,17,38
"Inter Miami",27,NA,"East",49,46,70,NA,22,19,43
"Los Angeles FC",27,41,"West",41,41,62,14,14,14,35
"Los Angeles Galaxy",27,33,"West",33,33,54,6,6,6,27
"Minnesota United FC",27,29,"West",29,29,50,2,2,2,23
"Nashville SC",27,60,"East",60,60,81,33,33,33,54
"New England Revolution",27,46,"East",46,46,67,19,19,19,40
"New York City FC",27,33,"East",33,33,54,6,6,6,27
"New York Red Bulls",27,NA,"East",36,33,57,NA,9,6,30
"Orlando City SC",27,34,"East",34,34,55,7,7,7,28
"Philadelphia Union",27,39,"East",39,39,60,12,12,12,33
"Portland Timbers",27,32,"West",32,32,53,5,5,5,26
"Real Salt Lake",27,32,"West",32,32,53,5,5,5,26
"San Diego",27,32,"West",32,32,53,5,5,5,26
"San Jose Earthquakes",27,45,"West",45,45,66,18,18,18,39
"Seattle Sounders",27,NA,"West",38,35,59,NA,11,8,32
"Sporting Kansas City",27,NA,"West",24,21,45,NA,-3,-6,18
"St. Louis City",27,NA,"West",47,44,68,NA,20,17,41
"Toronto FC",27,29,"East",29,29,50,2,2,2,23
"Vancouver Whitecaps",27,NA,"West",53,50,74,NA,26,23,47
"Atlanta United FC",28,NA,"East",30,27,48,NA,2,-1,20
"Austin",28,NA,"West",34,31,52,NA,6,3,24
"CF Montreal",28,NA,"East",27,24,45,NA,-1,-4,17
"Charlotte",28,NA,"East",46,43,64,NA,18,15,36
"Chicago Fire",28,NA,"East",48,42,66,NA,20,14,38
"Colorado Rapids",28,NA,"West",39,36,57,NA,11,8,29
"Columbus Crew",28,NA,"East",32,26,50,NA,4,-2,22
"DC United",28,NA,"East",36,30,54,NA,8,2,26
"FC Cincinnati",28,NA,"East",39,33,57,NA,11,5,29
"FC Dallas",28,NA,"West",50,47,68,NA,22,19,40
"Houston Dynamo",28,NA,"West",47,44,65,NA,19,16,37
"Inter Miami",28,NA,"East",52,46,70,NA,24,18,42
"Los Angeles FC",28,41,"West",41,41,59,13,13,13,31
"Los Angeles Galaxy",28,36,"West",36,36,54,8,8,8,26
"Minnesota United FC",28,NA,"West",32,29,50,NA,4,1,22
"Nashville SC",28,NA,"East",63,60,81,NA,35,32,53
"New England Revolution",28,NA,"East",49,46,67,NA,21,18,39
"New York City FC",28,NA,"East",36,33,54,NA,8,5,26
"New York Red Bulls",28,NA,"East",39,33,57,NA,11,5,29
"Orlando City SC",28,NA,"East",37,34,55,NA,9,6,27
"Philadelphia Union",28,NA,"East",42,39,60,NA,14,11,32
"Portland Timbers",28,NA,"West",35,32,53,NA,7,4,25
"Real Salt Lake",28,NA,"West",35,32,53,NA,7,4,25
"San Diego",28,NA,"West",35,32,53,NA,7,4,25
"San Jose Earthquakes",28,NA,"West",48,45,66,NA,20,17,38
"Seattle Sounders",28,NA,"West",41,35,59,NA,13,7,31
"Sporting Kansas City",28,NA,"West",27,21,45,NA,-1,-7,17
"St. Louis City",28,NA,"West",50,44,68,NA,22,16,40
"Toronto FC",28,NA,"East",32,29,50,NA,4,1,22
"Vancouver Whitecaps",28,NA,"West",56,50,74,NA,28,22,46
"Atlanta United FC",29,NA,"East",33,27,48,NA,4,-2,19
"Austin",29,NA,"West",37,31,52,NA,8,2,23
"CF Montreal",29,NA,"East",30,24,45,NA,1,-5,16
"Charlotte",29,NA,"East",49,43,64,NA,20,14,35
"Chicago Fire",29,NA,"East",51,42,66,NA,22,13,37
"Colorado Rapids",29,NA,"West",42,36,57,NA,13,7,28
"Columbus Crew",29,NA,"East",35,26,50,NA,6,-3,21
"DC United",29,NA,"East",39,30,54,NA,10,1,25
"FC Cincinnati",29,NA,"East",42,33,57,NA,13,4,28
"FC Dallas",29,NA,"West",53,47,68,NA,24,18,39
"Houston Dynamo",29,NA,"West",50,44,65,NA,21,15,36
"Inter Miami",29,NA,"East",55,46,70,NA,26,17,41
"Los Angeles FC",29,NA,"West",44,41,59,NA,15,12,30
"Los Angeles Galaxy",29,NA,"West",39,36,54,NA,10,7,25
"Minnesota United FC",29,NA,"West",35,29,50,NA,6,0,21
"Nashville SC",29,NA,"East",66,60,81,NA,37,31,52
"New England Revolution",29,NA,"East",52,46,67,NA,23,17,38
"New York City FC",29,NA,"East",39,33,54,NA,10,4,25
"New York Red Bulls",29,NA,"East",42,33,57,NA,13,4,28
"Orlando City SC",29,NA,"East",40,34,55,NA,11,5,26
"Philadelphia Union",29,NA,"East",45,39,60,NA,16,10,31
"Portland Timbers",29,NA,"West",38,32,53,NA,9,3,24
"Real Salt Lake",29,NA,"West",38,32,53,NA,9,3,24
"San Diego",29,NA,"West",38,32,53,NA,9,3,24
"San Jose Earthquakes",29,NA,"West",51,45,66,NA,22,16,37
"Seattle Sounders",29,NA,"West",44,35,59,NA,15,6,30
"Sporting Kansas City",29,NA,"West",30,21,45,NA,1,-8,16
"St. Louis City",29,NA,"West",53,44,68,NA,24,15,39
"Toronto FC",29,NA,"East",35,29,50,NA,6,0,21
"Vancouver Whitecaps",29,NA,"West",59,50,74,NA,30,21,45
"Atlanta United FC",30,NA,"East",36,27,48,NA,6,-3,18
"Austin",30,NA,"West",40,31,52,NA,10,1,22
"CF Montreal",30,NA,"East",33,24,45,NA,3,-6,15
"Charlotte",30,NA,"East",52,43,64,NA,22,13,34
"Chicago Fire",30,NA,"East",54,42,66,NA,24,12,36
"Colorado Rapids",30,NA,"West",45,36,57,NA,15,6,27
"Columbus Crew",30,NA,"East",38,26,50,NA,8,-4,20
"DC United",30,NA,"East",42,30,54,NA,12,0,24
"FC Cincinnati",30,NA,"East",45,33,57,NA,15,3,27
"FC Dallas",30,NA,"West",56,47,68,NA,26,17,38
"Houston Dynamo",30,NA,"West",53,44,65,NA,23,14,35
"Inter Miami",30,NA,"East",58,46,70,NA,28,16,40
"Los Angeles FC",30,NA,"West",47,41,59,NA,17,11,29
"Los Angeles Galaxy",30,NA,"West",42,36,54,NA,12,6,24
"Minnesota United FC",30,NA,"West",38,29,50,NA,8,-1,20
"Nashville SC",30,NA,"East",69,60,81,NA,39,30,51
"New England Revolution",30,NA,"East",55,46,67,NA,25,16,37
"New York City FC",30,NA,"East",42,33,54,NA,12,3,24
"New York Red Bulls",30,NA,"East",45,33,57,NA,15,3,27
"Orlando City SC",30,NA,"East",43,34,55,NA,13,4,25
"Philadelphia Union",30,NA,"East",48,39,60,NA,18,9,30
"Portland Timbers",30,NA,"West",41,32,53,NA,11,2,23
"Real Salt Lake",30,NA,"West",41,32,53,NA,11,2,23
"San Diego",30,NA,"West",41,32,53,NA,11,2,23
"San Jose Earthquakes",30,NA,"West",54,45,66,NA,24,15,36
"Seattle Sounders",30,NA,"West",47,35,59,NA,17,5,29
"Sporting Kansas City",30,NA,"West",33,21,45,NA,3,-9,15
"St. Louis City",30,NA,"West",56,44,68,NA,26,14,38
"Toronto FC",30,NA,"East",38,29,50,NA,8,-1,20
"Vancouver Whitecaps",30,NA,"West",62,50,74,NA,32,20,44
"Atlanta United FC",31,NA,"East",39,27,48,NA,8,-4,17
"Austin",31,NA,"West",43,31,52,NA,12,0,21
"CF Montreal",31,NA,"East",36,24,45,NA,5,-7,14
"Charlotte",31,NA,"East",55,43,64,NA,24,12,33
"Chicago Fire",31,NA,"East",57,42,66,NA,26,11,35
"Colorado Rapids",31,NA,"West",48,36,57,NA,17,5,26
"Columbus Crew",31,NA,"East",41,26,50,NA,10,-5,19
"DC United",31,NA,"East",45,30,54,NA,14,-1,23
"FC Cincinnati",31,NA,"East",48,33,57,NA,17,2,26
"FC Dallas",31,NA,"West",59,47,68,NA,28,16,37
"Houston Dynamo",31,NA,"West",56,44,65,NA,25,13,34
"Inter Miami",31,NA,"East",61,46,70,NA,30,15,39
"Los Angeles FC",31,NA,"West",50,41,59,NA,19,10,28
"Los Angeles Galaxy",31,NA,"West",45,36,54,NA,14,5,23
"Minnesota United FC",31,NA,"West",41,29,50,NA,10,-2,19
"Nashville SC",31,NA,"East",72,60,81,NA,41,29,50
"New England Revolution",31,NA,"East",58,46,67,NA,27,15,36
"New York City FC",31,NA,"East",45,33,54,NA,14,2,23
"New York Red Bulls",31,NA,"East",48,33,57,NA,17,2,26
"Orlando City SC",31,NA,"East",46,34,55,NA,15,3,24
"Philadelphia Union",31,NA,"East",51,39,60,NA,20,8,29
"Portland Timbers",31,NA,"West",44,32,53,NA,13,1,22
"Real Salt Lake",31,NA,"West",44,32,53,NA,13,1,22
"San Diego",31,NA,"West",44,32,53,NA,13,1,22
"San Jose Earthquakes",31,NA,"West",57,45,66,NA,26,14,35
"Seattle Sounders",31,NA,"West",50,35,59,NA,19,4,28
"Sporting Kansas City",31,NA,"West",36,21,45,NA,5,-10,14
"St. Louis City",31,NA,"West",59,44,68,NA,28,13,37
"Toronto FC",31,NA,"East",41,29,50,NA,10,-2,19
"Vancouver Whitecaps",31,NA,"West",65,50,74,NA,34,19,43
"Atlanta United FC",32,NA,"East",42,27,48,NA,10,-5,16
"Austin",32,NA,"West",46,31,52,NA,14,-1,20
"CF Montreal",32,NA,"East",39,24,45,NA,7,-8,13
"Charlotte",32,NA,"East",58,43,64,NA,26,11,32
"Chicago Fire",32,NA,"East",60,42,66,NA,28,10,34
"Colorado Rapids",32,NA,"West",51,36,57,NA,19,4,25
"Columbus Crew",32,NA,"East",44,26,50,NA,12,-6,18
"DC United",32,NA,"East",48,30,54,NA,16,-2,22
"FC Cincinnati",32,NA,"East",51,33,57,NA,19,1,25
"FC Dallas",32,NA,"West",62,47,68,NA,30,15,36
"Houston Dynamo",32,NA,"West",59,44,65,NA,27,12,33
"Inter Miami",32,NA,"East",64,46,70,NA,32,14,38
"Los Angeles FC",32,NA,"West",53,41,59,NA,21,9,27
"Los Angeles Galaxy",32,NA,"West",48,36,54,NA,16,4,22
"Minnesota United FC",32,NA,"West",44,29,50,NA,12,-3,18
"Nashville SC",32,NA,"East",75,60,81,NA,43,28,49
"New England Revolution",32,NA,"East",61,46,67,NA,29,14,35
"New York City FC",32,NA,"East",48,33,54,NA,16,1,22
"New York Red Bulls",32,NA,"East",51,33,57,NA,19,1,25
"Orlando City SC",32,NA,"East",49,34,55,NA,17,2,23
"Philadelphia Union",32,NA,"East",54,39,60,NA,22,7,28
"Portland Timbers",32,NA,"West",47,32,53,NA,15,0,21
"Real Salt Lake",32,NA,"West",47,32,53,NA,15,0,21
"San Diego",32,NA,"West",47,32,53,NA,15,0,21
"San Jose Earthquakes",32,NA,"West",60,45,66,NA,28,13,34
"Seattle Sounders",32,NA,"West",53,35,59,NA,21,3,27
"Sporting Kansas City",32,NA,"West",39,21,45,NA,7,-11,13
"St. Louis City",32,NA,"West",62,44,68,NA,30,12,36
"Toronto FC",32,NA,"East",44,29,50,NA,12,-3,18
"Vancouver Whitecaps",32,NA,"West",68,50,74,NA,36,18,42
"Atlanta United FC",33,NA,"East",45,27,48,NA,12,-6,15
"Austin",33,NA,"West",49,31,52,NA,16,-2,19
"CF Montreal",33,NA,"East",42,24,45,NA,9,-9,12
"Charlotte",33,NA,"East",61,43,64,NA,28,10,31
"Chicago Fire",33,NA,"East",63,42,66,NA,30,9,33
"Colorado Rapids",33,NA,"West",54,36,57,NA,21,3,24
"Columbus Crew",33,NA,"East",47,26,50,NA,14,-7,17
"DC United",33,NA,"East",51,30,54,NA,18,-3,21
"FC Cincinnati",33,NA,"East",54,33,57,NA,21,0,24
"FC Dallas",33,NA,"West",65,47,68,NA,32,14,35
"Houston Dynamo",33,NA,"West",62,44,65,NA,29,11,32
"Inter Miami",33,NA,"East",67,46,70,NA,34,13,37
"Los Angeles FC",33,NA,"West",56,41,59,NA,23,8,26
"Los Angeles Galaxy",33,NA,"West",51,36,54,NA,18,3,21
"Minnesota United FC",33,NA,"West",47,29,50,NA,14,-4,17
"Nashville SC",33,NA,"East",78,60,81,NA,45,27,48
"New England Revolution",33,NA,"East",64,46,67,NA,31,13,34
"New York City FC",33,NA,"East",51,33,54,NA,18,0,21
"New York Red Bulls",33,NA,"East",54,33,57,NA,21,0,24
"Orlando City SC",33,NA,"East",52,34,55,NA,19,1,22
"Philadelphia Union",33,NA,"East",57,39,60,NA,24,6,27
"Portland Timbers",33,NA,"West",50,32,53,NA,17,-1,20
"Real Salt Lake",33,NA,"West",50,32,53,NA,17,-1,20
"San Diego",33,NA,"West",50,32,53,NA,17,-1,20
"San Jose Earthquakes",33,NA,"West",63,45,66,NA,30,12,33
"Seattle Sounders",33,NA,"West",56,35,59,NA,23,2,26
"Sporting Kansas City",33,NA,"West",42,21,45,NA,9,-12,12
"St. Louis City",33,NA,"West",65,44,68,NA,32,11,35
"Toronto FC",33,NA,"East",47,29,50,NA,14,-4,17
"Vancouver Whitecaps",33,NA,"West",71,50,74,NA,38,17,41
"Atlanta United FC",34,NA,"East",48,27,48,NA,14,-7,14
"Austin",34,NA,"West",52,31,52,NA,18,-3,18
"CF Montreal",34,NA,"East",45,24,45,NA,11,-10,11
"Charlotte",34,NA,"East",64,43,64,NA,30,9,30
"Chicago Fire",34,NA,"East",66,42,66,NA,32,8,32
"Colorado Rapids",34,NA,"West",57,36,57,NA,23,2,23
"Columbus Crew",34,NA,"East",50,26,50,NA,16,-8,16
"DC United",34,NA,"East",54,30,54,NA,20,-4,20
"FC Cincinnati",34,NA,"East",57,33,57,NA,23,-1,23
"FC Dallas",34,NA,"West",68,47,68,NA,34,13,34
"Houston Dynamo",34,NA,"West",65,44,65,NA,31,10,31
"Inter Miami",34,NA,"East",70,46,70,NA,36,12,36
"Los Angeles FC",34,NA,"West",59,41,59,NA,25,7,25
"Los Angeles Galaxy",34,NA,"West",54,36,54,NA,20,2,20
"Minnesota United FC",34,NA,"West",50,29,50,NA,16,-5,16
"Nashville SC",34,NA,"East",81,60,81,NA,47,26,47
"New England Revolution",34,NA,"East",67,46,67,NA,33,12,33
"New York City FC",34,NA,"East",54,33,54,NA,20,-1,20
"New York Red Bulls",34,NA,"East",57,33,57,NA,23,-1,23
"Orlando City SC",34,NA,"East",55,34,55,NA,21,0,21
"Philadelphia Union",34,NA,"East",60,39,60,NA,26,5,26
"Portland Timbers",34,NA,"West",53,32,53,NA,19,-2,19
"Real Salt Lake",34,NA,"West",53,32,53,NA,19,-2,19
"San Diego",34,NA,"West",53,32,53,NA,19,-2,19
"San Jose Earthquakes",34,NA,"West",66,45,66,NA,32,11,32
"Seattle Sounders",34,NA,"West",59,35,59,NA,25,1,25
"Sporting Kansas City",34,NA,"West",45,21,45,NA,11,-13,11
"St. Louis City",34,NA,"West",68,44,68,NA,34,10,34
"Toronto FC",34,NA,"East",50,29,50,NA,16,-5,16
"Vancouver Whitecaps",34,NA,"West",74,50,74,NA,40,16,40
"Thresholds",0,NA,"West",NA,-103,103,NA,NA,-103,103
"Thresholds",0,NA,"East",NA,-103,103,NA,NA,-103,103
"Thresholds",1,NA,"West",NA,-99,101,NA,NA,-100,100
"Thresholds",1,NA,"East",NA,-100,100,NA,NA,-101,99
"Thresholds",2,NA,"West",NA,-94,100,NA,NA,-96,98
"Thresholds",2,NA,"East",NA,-96,97,NA,NA,-98,95
"Thresholds",3,NA,"West",NA,-90,98,NA,NA,-93,95
"Thresholds",3,NA,"East",NA,-91,97,NA,NA,-94,94
"Thresholds",4,NA,"West",NA,-86,95,NA,NA,-90,91
"Thresholds",4,NA,"East",NA,-88,94,NA,NA,-92,90
"Thresholds",5,NA,"West",NA,-82,93,NA,NA,-87,88
"Thresholds",5,NA,"East",NA,-82,94,NA,NA,-87,89
"Thresholds",6,NA,"West",NA,-77,91,NA,NA,-83,85
"Thresholds",6,NA,"East",NA,-78,91,NA,NA,-84,85
"Thresholds",7,NA,"West",NA,-71,91,NA,NA,-78,84
"Thresholds",7,NA,"East",NA,-75,89,NA,NA,-82,82
"Thresholds",8,NA,"West",NA,-67,90,NA,NA,-75,82
"Thresholds",8,NA,"East",NA,-71,87,NA,NA,-79,79
"Thresholds",9,NA,"West",NA,-64,87,NA,NA,-73,78
"Thresholds",9,NA,"East",NA,-67,85,NA,NA,-76,76
"Thresholds",10,NA,"West",NA,-60,85,NA,NA,-70,75
"Thresholds",10,NA,"East",NA,-61,85,NA,NA,-71,75
"Thresholds",11,NA,"West",NA,-57,83,NA,NA,-68,72
"Thresholds",11,NA,"East",NA,-58,82,NA,NA,-69,71
"Thresholds",12,NA,"West",NA,-51,81,NA,NA,-63,69
"Thresholds",12,NA,"East",NA,-52,81,NA,NA,-64,69
"Thresholds",13,NA,"West",NA,-48,80,NA,NA,-61,67
"Thresholds",13,NA,"East",NA,-49,78,NA,NA,-62,65
"Thresholds",14,NA,"West",NA,-42,78,NA,NA,-56,64
"Thresholds",14,NA,"East",NA,-44,75,NA,NA,-58,61
"Thresholds",15,NA,"West",NA,-38,77,NA,NA,-53,62
"Thresholds",15,NA,"East",NA,-40,74,NA,NA,-55,59
"Thresholds",16,NA,"West",NA,-33,75,NA,NA,-49,59
"Thresholds",16,NA,"East",NA,-36,72,NA,NA,-52,56
"Thresholds",17,NA,"West",NA,-29,73,NA,NA,-46,56
"Thresholds",17,NA,"East",NA,-30,72,NA,NA,-47,55
"Thresholds",18,NA,"West",NA,-25,73,NA,NA,-43,55
"Thresholds",18,NA,"East",NA,-26,69,NA,NA,-44,51
"Thresholds",19,NA,"West",NA,-21,70,NA,NA,-40,51
"Thresholds",19,NA,"East",NA,-22,67,NA,NA,-41,48
"Thresholds",20,NA,"West",NA,-16,68,NA,NA,-36,48
"Thresholds",20,NA,"East",NA,-19,64,NA,NA,-39,44
"Thresholds",21,NA,"West",NA,-12,68,NA,NA,-33,47
"Thresholds",21,NA,"East",NA,-16,64,NA,NA,-37,43
"Thresholds",22,NA,"West",NA,-8,66,NA,NA,-30,44
"Thresholds",22,NA,"East",NA,-12,62,NA,NA,-34,40
"Thresholds",23,NA,"West",NA,-4,63,NA,NA,-27,40
"Thresholds",23,NA,"East",NA,-6,61,NA,NA,-29,38
"Thresholds",24,NA,"West",NA,-1,60,NA,NA,-25,36
"Thresholds",24,NA,"East",NA,-2,60,NA,NA,-26,36
"Thresholds",25,NA,"West",NA,4,58,NA,NA,-21,33
"Thresholds",25,NA,"East",NA,4,58,NA,NA,-21,33
"Thresholds",26,NA,"West",NA,7,56,NA,NA,-19,30
"Thresholds",26,NA,"East",NA,8,57,NA,NA,-18,31
"Thresholds",27,NA,"West",NA,11,54,NA,NA,-16,27
"Thresholds",27,NA,"East",NA,11,55,NA,NA,-16,28
"Thresholds",28,NA,"West",NA,16,54,NA,NA,-12,26
"Thresholds",28,NA,"East",NA,14,55,NA,NA,-14,27
"Thresholds",29,NA,"West",NA,19,54,NA,NA,-10,25
"Thresholds",29,NA,"East",NA,17,55,NA,NA,-12,26
"Thresholds",30,NA,"West",NA,22,54,NA,NA,-8,24
"Thresholds",30,NA,"East",NA,20,55,NA,NA,-10,25
"Thresholds",31,NA,"West",NA,25,54,NA,NA,-6,23
"Thresholds",31,NA,"East",NA,23,55,NA,NA,-8,24
"Thresholds",32,NA,"West",NA,28,54,NA,NA,-4,22
"Thresholds",32,NA,"East",NA,26,55,NA,NA,-6,23
"Thresholds",33,NA,"West",NA,31,54,NA,NA,-2,21
"Thresholds",33,NA,"East",NA,29,55,NA,NA,-4,22
"Thresholds",34,NA,"West",NA,34,54,NA,NA,0,20
"Thresholds",34,NA,"East",NA,32,55,NA,NA,-2,21
